1,aaa,1111,Male,977-257-4940,cprawle0@fema.gov
2,bbb,2222,Male,470-805-2265,ksteddall1@unc.edu
3,ccc,3333,Male,351-630-1305,okleisle2@ft.com
4,Link,7383,Male,117-435-1509,lbang3@nsw.gov.au
5,Inglebert,8155,Male,977-883-5211,iancliff4@mlb.com
6,Zita,2605,Female,307-907-2809,zdowderswell5@issuu.com
7,Christoforo,9321,Male,340-772-9031,cmccool6@cafepress.com
8,Kristian,4412,Male,914-291-7463,ksarath7@homestead.com
9,Antoine,4838,Male,238-259-5354,akirkpatrick8@flavors.me
10,Ginger,3691,Male,621-754-0635,gpays9@umn.edu
11,Crista,8687,Female,911-220-8896,cbrayshera@google.co.jp
12,Erick,4033,Non-binary,183-634-8923,ematoshinb@latimes.com
13,Mitchel,1755,Male,430-772-2000,maskwithc@netscape.com
14,Davon,9865,Male,189-276-4218,ddumbeltond@ustream.tv
15,Britt,8909,Male,765-120-3782,bochterloniee@purevolume.com
16,Lemuel,5511,Male,383-528-2753,lkeydenf@wired.com
17,Viva,9262,Female,557-710-8756,vruzickag@cpanel.net
18,Melisent,7910,Female,203-466-1283,mveiversh@youtube.com
19,Lew,5954,Male,177-802-4880,lhorbathi@forbes.com
20,Hillary,6107,Female,522-901-4141,hdwyrj@fema.gov
21,Humbert,6213,Bigender,934-710-5202,hreichhardtk@kickstarter.com
22,Care,6979,Male,719-104-8075,cmansonl@prlog.org
23,Pauly,8165,Female,443-402-7976,pdominickm@opensource.org
24,Aurelea,1558,Female,572-183-1904,agoeffn@de.vu
25,Guilbert,6575,Male,331-656-5281,gaucoateo@smh.com.au
26,Cristian,7000,Male,393-519-4779,cvoyseyp@dailymotion.com
27,Errol,3443,Male,614-399-7236,etillmanq@privacy.gov.au
28,Fairlie,1295,Genderqueer,481-365-9111,fcardenosor@addthis.com
29,Hadleigh,3219,Male,722-923-5720,hkiefers@wordpress.org
30,Fan,2952,Female,479-279-4513,fsymcoxt@jalbum.net
31,Anastasia,1487,Female,803-779-6387,agravesu@nhs.uk
32,Kean,2919,Male,555-203-3765,kspadav@amazonaws.com
33,Perkin,7131,Male,484-210-2189,pberthelmotw@printfriendly.com
34,Jasun,7571,Male,759-115-5401,jpridittx@people.com.cn
35,Flemming,4729,Male,818-748-9527,fbothramy@msn.com
36,Ernie,7746,Male,758-176-2436,elathwoodz@wikispaces.com
37,Cross,8311,Male,485-469-2361,cgildersleaves10@state.gov
38,Giorgia,3603,Female,552-719-0734,gcriag11@jalbum.net
39,Gerald,5874,Male,775-450-9048,ginnwood12@adobe.com
40,Callie,8268,Female,178-627-8616,cgillford13@weather.com
41,Page,1780,Male,720-637-3199,poshevlan14@scribd.com
42,Daisi,7513,Female,674-363-4590,dparrott15@lulu.com
43,Virgina,1223,Female,411-316-7409,vkerwin16@123-reg.co.uk
44,Packston,9746,Male,221-405-7218,pcaren17@walmart.com
45,Theodosia,6112,Female,654-939-1131,tkennler18@zimbio.com
46,Carson,6873,Bigender,735-955-3138,cdaughton19@123-reg.co.uk
47,Yvor,5678,Male,342-451-0911,yrudolfer1a@posterous.com
48,Ailina,6396,Female,906-944-6123,apitkeathley1b@businessinsider.com
49,Julie,7689,Female,297-278-6317,jfeatherstone1c@soup.io
50,Arel,1657,Male,539-302-0093,adeakes1d@home.pl
51,Donia,3966,Female,278-689-2317,dvittery1e@amazonaws.com
52,Derrick,7707,Male,551-990-1838,dshurrock1f@yahoo.com
53,Smitty,7553,Male,890-447-3639,sbrunini1g@wikipedia.org
54,Gilbertine,4270,Female,468-193-4291,gmaccheyne1h@artisteer.com
55,Krystle,4295,Female,910-695-6271,kcheavin1i@tmall.com
56,Leonore,2232,Female,161-347-3911,lmearns1j@theglobeandmail.com
57,Waylen,2190,Agender,710-510-4522,wdodell1k@sphinn.com
58,Bridgette,4217,Female,512-259-9313,bperico1l@tumblr.com
59,Morly,9957,Male,146-811-1587,mhuff1m@merriam-webster.com
60,Daria,8331,Female,920-419-9566,dcoppledike1n@nature.com
61,Anita,5807,Female,929-103-3256,atuckey1o@networksolutions.com
62,Carroll,4704,Male,193-177-5059,ctatersale1p@pbs.org
63,Brant,9739,Male,333-911-4152,bmattacks1q@dagondesign.com
64,Torrin,2307,Male,723-948-7465,tsapsforde1r@deliciousdays.com
65,Sheridan,8106,Male,767-553-6586,skershaw1s@intel.com
66,Zorine,1930,Non-binary,935-740-3515,zsidon1t@wix.com
67,Elvira,7964,Female,824-646-4260,ebirt1u@ucoz.com
68,Scott,7467,Male,603-904-8343,sgrimley1v@engadget.com
69,Mirna,1919,Female,534-746-8030,mbetteson1w@cpanel.net
70,Mariquilla,2877,Genderqueer,776-556-8782,mhowgate1x@4shared.com
71,Cris,3346,Male,408-501-3905,cdeclerc1y@mayoclinic.com
72,Elita,5722,Female,264-330-8541,ebrain1z@creativecommons.org
73,Donovan,2293,Male,774-464-6268,dsimka20@timesonline.co.uk
74,Garvy,4495,Male,112-432-6405,gfaircliffe21@github.com
75,Evangelin,6867,Female,572-627-1080,eludlamme22@bloomberg.com
76,Sterne,3826,Male,258-576-5416,sparsall23@myspace.com
77,Jacky,3388,Female,246-500-2789,jbaty24@miitbeian.gov.cn
78,Emmaline,6905,Female,223-585-3927,eosman25@nps.gov
79,Marleen,4812,Female,518-456-4049,mnaerup26@howstuffworks.com
80,Hettie,3411,Female,585-278-0958,hpeteri27@ask.com
81,Mara,8757,Female,888-787-6159,mcoxhead28@dedecms.com
82,Hobie,9504,Male,404-210-0599,hingleby29@google.nl
83,Gerda,8491,Female,536-332-3758,gcavey2a@cnet.com
84,Rhodie,8666,Female,250-131-1308,rsketcher2b@feedburner.com
85,Buck,6744,Male,844-247-0122,btadlow2c@timesonline.co.uk
86,Judie,4189,Female,945-984-4657,jkilian2d@jimdo.com
87,Fredra,4835,Bigender,308-930-6992,fmattioli2e@unicef.org
88,Cassondra,2024,Female,424-673-4032,ccomford2f@simplemachines.org
89,Farris,4535,Male,777-419-9588,fgerler2g@pen.io
90,Abraham,5146,Agender,709-108-7937,aghilardi2h@dell.com
91,Miguelita,6584,Female,933-731-3830,mfrere2i@360.cn
92,Isa,3990,Male,908-176-2947,ihavers2j@blogger.com
93,Stanley,7571,Male,613-151-3714,skobierski2k@lulu.com
94,Chic,2666,Male,332-501-7093,cheinz2l@state.tx.us
95,Mychal,3154,Male,632-878-0370,mmatthaus2m@photobucket.com
96,Tito,7759,Male,954-361-6092,tconnop2n@symantec.com
97,Gayle,7661,Male,487-914-2145,gsuccamore2o@wordpress.com
98,Colet,3416,Male,646-797-7134,cbrushfield2p@amazon.co.jp
99,Tamera,6427,Female,161-425-1222,tasel2q@digg.com
100,Trip,8868,Genderqueer,895-582-9649,tscown2r@pen.io
